{"model_type":"MATLAB_TreeBagger","num_trees":300,"min_leaf_size":3,"num_features_sample":7,"feature_names":["backup_route_availability","battery_impact_score","burst_intensity","command_pattern_count","critical_node_count","emergency_context_score","emergency_keyword_count","emergency_priority","encryption_consistency","entropy_score","forwarding_behavior","header_integrity","hop_reliability","inter_arrival_variance","interaction_diversity","isolation_factor","language_consistency","memory_footprint","mesh_connectivity_health","message_frequency","message_length","message_similarity_score","mobility_pattern","neighbor_trust_score","network_fragmentation","node_density","numeric_ratio","processing_load","protocol_compliance_score","redundancy_factor","response_pattern","route_stability","routing_anomaly","sender_reputation","sequence_gap_score","signal_strength_factor","size_consistency","special_char_ratio","suspicious_url_count","temporal_consistency","timing_regularity","ttl_anomaly","volume_anomaly_score"],"class_names":["ADAPTIVE_FLOODING","BLACK_HOLE","FLOODING","NORMAL","RESOURCE_EXHAUSTION","SPOOFING"],"training_samples":6266,"validation_samples":1566,"total_samples":7832,"accuracy":0.99744572158365263,"oob_error":[0.49233961059687475,0.31726779444621933,0.2052345994254719,0.13772741781040612,0.09064794127034842,0.059687200766039283,0.0418129588254072,0.029524417491222636,0.022821576763485604,0.018991382061921587,0.014682413022662067,0.012448132780083056,0.011011809766996549,0.0095754867539100449,0.0073412065113310325,0.0068624321736355312,0.006064474944143027,0.0054261091605490239,0.0054261091605490247,0.0057452920523460259,0.0052665177146505229,0.005745292052346025,0.005745292052346025,0.0057452920523460259,0.0054261091605490247,0.0049473348228535217,0.0044685604851580196,0.0046281519310565206,0.0047877433769550224,0.0046281519310565206,0.0051069262687520236,0.0051069262687520236,0.0043089690392595194,0.0043089690392595194,0.0039897861474625183,0.0038301947015640173,0.0039897861474625183,0.0043089690392595194,0.0043089690392595194,0.0043089690392595194,0.0047877433769550216,0.0047877433769550224,0.0047877433769550224,0.0047877433769550224,0.0044685604851580196,0.0041493775933610184,0.0036706032556655158,0.0035110118097670152,0.0038301947015640164,0.0039897861474625174,0.0036706032556655158,0.0036706032556655158,0.0036706032556655158,0.0035110118097670152,0.0035110118097670152,0.0036706032556655158,0.0035110118097670152,0.0035110118097670152,0.0035110118097670152,0.0036706032556655158,0.0028726460261730129,0.0030322374720715135,0.0030322374720715135,0.0033514203638685151,0.0036706032556655162,0.0039897861474625183,0.0036706032556655162,0.0031918289179700141,0.0035110118097670152,0.0033514203638685147,0.0036706032556655158,0.0033514203638685147,0.0033514203638685147,0.0031918289179700141,0.0033514203638685147,0.0033514203638685147,0.0033514203638685147,0.0035110118097670152,0.0033514203638685147,0.0031918289179700141,0.0035110118097670152,0.0035110118097670152,0.0035110118097670152,0.0033514203638685147,0.0031918289179700141,0.0031918289179700141,0.0031918289179700141,0.0033514203638685147,0.0031918289179700141,0.0031918289179700141,0.0033514203638685147,0.0036706032556655162,0.0035110118097670157,0.0033514203638685147,0.0028726460261730129,0.0030322374720715135,0.0031918289179700137,0.0033514203638685147,0.0031918289179700137,0.0031918289179700137,0.0031918289179700141,0.0031918289179700141,0.0031918289179700141,0.0033514203638685147,0.0033514203638685147,0.0030322374720715131,0.0030322374720715131,0.0031918289179700137,0.0031918289179700137,0.0030322374720715131,0.0031918289179700137,0.0031918289179700137,0.0031918289179700137,0.0031918289179700137,0.0033514203638685147,0.0030322374720715131,0.0030322374720715131,0.0030322374720715131,0.0030322374720715131,0.0031918289179700137,0.0033514203638685147,0.0030322374720715131,0.0030322374720715131,0.0030322374720715131,0.0030322374720715131,0.0028726460261730125,0.0030322374720715131,0.0030322374720715131,0.0031918289179700137,0.0031918289179700137,0.0028726460261730125,0.0028726460261730125,0.0027130545802745119,0.0027130545802745119,0.0027130545802745119,0.0027130545802745119,0.0027130545802745119,0.0027130545802745119,0.0027130545802745119,0.0027130545802745119,0.0027130545802745119,0.0027130545802745119,0.0027130545802745119,0.0025534631343760114,0.0025534631343760114,0.0025534631343760114,0.0025534631343760114,0.0025534631343760114,0.0027130545802745119,0.0028726460261730125,0.0025534631343760114,0.0025534631343760114,0.0028726460261730125,0.0028726460261730125,0.0028726460261730125,0.0030322374720715131,0.0027130545802745119,0.0025534631343760114,0.0023938716884775108,0.0025534631343760114,0.0025534631343760114,0.0025534631343760114,0.0025534631343760114,0.0028726460261730125,0.0028726460261730125,0.0028726460261730125,0.0028726460261730125,0.0028726460261730125,0.0028726460261730125,0.0027130545802745119,0.0027130545802745119,0.0027130545802745119,0.0027130545802745119,0.0027130545802745119,0.0028726460261730125,0.0030322374720715131,0.0030322374720715131,0.0030322374720715131,0.0028726460261730125,0.0030322374720715131,0.0033514203638685147,0.0033514203638685147,0.0033514203638685147,0.0033514203638685147,0.0033514203638685147,0.0035110118097670152,0.0035110118097670152,0.0035110118097670152,0.0035110118097670152,0.0035110118097670152,0.0033514203638685147,0.0033514203638685147,0.0033514203638685147,0.0033514203638685147,0.0033514203638685147,0.0033514203638685147,0.0033514203638685147,0.0033514203638685147,0.0033514203638685147,0.0033514203638685147,0.0033514203638685147,0.0033514203638685147,0.0033514203638685147,0.0033514203638685147,0.0033514203638685147,0.0031918289179700141,0.0031918289179700141,0.0033514203638685147,0.0033514203638685147,0.0031918289179700137,0.0031918289179700137,0.0031918289179700137,0.0031918289179700137,0.0031918289179700137,0.0028726460261730125,0.0030322374720715131,0.0030322374720715131,0.0028726460261730125,0.0028726460261730125,0.0028726460261730125,0.0028726460261730125,0.0028726460261730125,0.0030322374720715131,0.0030322374720715131,0.0030322374720715131,0.0030322374720715131,0.0030322374720715131,0.0031918289179700141,0.0030322374720715135,0.0031918289179700141,0.0031918289179700141,0.0031918289179700141,0.0031918289179700141,0.0031918289179700141,0.0030322374720715135,0.0030322374720715135,0.0030322374720715135,0.0030322374720715135,0.0030322374720715135,0.0030322374720715135,0.0028726460261730125,0.0028726460261730125,0.0028726460261730125,0.0028726460261730125,0.0028726460261730125,0.0028726460261730125,0.0028726460261730125,0.0028726460261730125,0.0028726460261730125,0.0028726460261730125,0.0028726460261730125,0.0028726460261730125,0.0028726460261730125,0.0028726460261730125,0.0030322374720715135,0.0030322374720715135,0.0030322374720715135,0.0030322374720715135,0.0030322374720715135,0.0030322374720715135,0.0030322374720715135,0.0030322374720715135,0.0030322374720715135,0.0031918289179700141,0.0031918289179700141,0.0031918289179700141,0.0031918289179700141,0.0031918289179700141,0.0030322374720715135,0.0030322374720715135,0.0030322374720715135,0.0030322374720715135,0.0031918289179700141,0.0030322374720715135,0.0030322374720715135,0.0030322374720715135,0.0030322374720715135,0.0030322374720715135,0.0030322374720715135,0.0030322374720715135,0.0031918289179700141,0.0031918289179700141,0.0031918289179700141,0.0031918289179700141,0.0031918289179700141,0.0031918289179700141,0.0031918289179700141,0.0031918289179700141,0.0031918289179700141,0.0031918289179700141,0.0031918289179700141,0.0031918289179700141,0.0031918289179700141,0.0031918289179700141,0.0031918289179700141,0.0031918289179700141,0.0031918289179700141,0.0031918289179700141,0.0031918289179700141,0.0031918289179700141],"training_time":32.5030211,