{
  "n_estimators": 100,
  "max_features": "log2",
  "min_samples_split": 5,
  "min_samples_leaf": 2,
  "max_depth": 20,
  "bootstrap": true,
  "feature_names": [
    "node_density",
    "isolation_factor",
    "emergency_priority",
    "hop_reliability",
    "network_fragmentation",
    "critical_node_count",
    "backup_route_availability",
    "message_length",
    "entropy_score",
    "special_char_ratio",
    "numeric_ratio",
    "emergency_keyword_count",
    "suspicious_url_count",
    "command_pattern_count",
    "message_frequency",
    "burst_intensity",
    "inter_arrival_variance",
    "size_consistency",
    "timing_regularity",
    "volume_anomaly_score",
    "sender_reputation",
    "message_similarity_score",
    "response_pattern",
    "interaction_diversity",
    "temporal_consistency",
    "language_consistency",
    "ttl_anomaly",
    "sequence_gap_score",
    "routing_anomaly",
    "header_integrity",
    "encryption_consistency",
    "protocol_compliance_score",
    "battery_impact_score",
    "processing_load",
    "memory_footprint",
    "signal_strength_factor",
    "mobility_pattern",
    "emergency_context_score",
    "route_stability",
    "forwarding_behavior",
    "neighbor_trust_score",
    "mesh_connectivity_health",
    "redundancy_factor"
  ],
  "class_names": [
    "ADAPTIVE_FLOODING",
    "BLACK_HOLE",
    "FLOODING",
    "NORMAL",
    "RESOURCE_EXHAUSTION",
    "SPOOFING"
  ],
  "feature_importances": [
    0.005827849463576466,
    0.0041752843676028245,
    0.009110277978737823,
    0.03675662095052525,
    0.0010963791457601864,
    0.003834346411937772,
    0.027259813776169352,
    0.1110218247800481,
    0.055083192248252255,
    0.04627731033868794,
    0.02751287445366278,
    0.026922043713630956,
    0.03929333133837938,
    0.05586282128989853,
    0.009539098591018695,
    0.032030992774784085,
    0.026031931730620652,
    0.020695130077796452,
    0.053015636558576704,
    0.04092229078052835,
    0.0008538046985658267,
    0.001593243163106035,
    0.0009468204704477263,
    0.000969958565288496,
    0.0008106872940954767,
    0.001472570997561864,
    0.0008012014618526289,
    0.000830144691924853,
    0.04729309743717703,
    0.03956005904100342,
    0.0011885995292916108,
    0.032790997830700865,
    0.005987274763998121,
    0.006199813479929036,
    0.050893265918747446,
    0.05758406732063156,
    0.0014246440533844953,
    0.04158686471911874,
    0.0008289877693697414,
    0.04509863756558234,
    0.0010245202283354414,
    0.0007429748770432721,
    0.027248713352649553
  ],
  "timestamp": "20250907_174455",
  "n_features": 43,
  "n_classes": 6
}