{
  "n_estimators": 50,
  "max_features": "log2",
  "min_samples_split": 5,
  "min_samples_leaf": 2,
  "max_depth": 20,
  "bootstrap": true,
  "feature_names": [
    "node_density",
    "isolation_factor",
    "emergency_priority",
    "hop_reliability",
    "network_fragmentation",
    "critical_node_count",
    "backup_route_availability",
    "message_length",
    "entropy_score",
    "special_char_ratio",
    "numeric_ratio",
    "emergency_keyword_count",
    "suspicious_url_count",
    "command_pattern_count",
    "message_frequency",
    "burst_intensity",
    "inter_arrival_variance",
    "size_consistency",
    "timing_regularity",
    "volume_anomaly_score",
    "sender_reputation",
    "message_similarity_score",
    "response_pattern",
    "interaction_diversity",
    "temporal_consistency",
    "language_consistency",
    "ttl_anomaly",
    "sequence_gap_score",
    "routing_anomaly",
    "header_integrity",
    "encryption_consistency",
    "protocol_compliance_score",
    "battery_impact_score",
    "processing_load",
    "memory_footprint",
    "signal_strength_factor",
    "mobility_pattern",
    "emergency_context_score",
    "route_stability",
    "forwarding_behavior",
    "neighbor_trust_score",
    "mesh_connectivity_health",
    "redundancy_factor"
  ],
  "class_names": [
    "ADAPTIVE_FLOODING",
    "BLACK_HOLE",
    "FLOODING",
    "NORMAL",
    "RESOURCE_EXHAUSTION",
    "SPOOFING"
  ],
  "feature_importances": [
    0.0025514856913521396,
    0.00416831257310637,
    0.026337841517403305,
    0.03512615537803679,
    0.00040885067910847653,
    0.0033878481654416783,
    0.04398072351194205,
    0.13240568127853547,
    0.04311333982479057,
    0.05689861294877266,
    0.014178428239732865,
    0.04522984695692914,
    0.03186142565144121,
    0.012119591495896245,
    0.004385631263237416,
    0.02321811113911338,
    0.035375436775852934,
    0.02908753869964583,
    0.035504701152867614,
    0.04127773445117185,
    0.0004016965688517128,
    0.00041239600222869036,
    0.0004207854931064901,
    0.00045909067660229106,
    0.0003968482119668897,
    0.0004267573834807741,
    0.00024742458505378775,
    0.0005000939210572792,
    0.05666579764442775,
    0.042207338643578486,
    0.0004104391197015193,
    0.037791544202395236,
    0.017161040698197575,
    0.01813669006035805,
    0.00852554641092091,
    0.0766233570646343,
    0.0065733686702978324,
    0.04787494951757325,
    0.00040548438891572933,
    0.03914184944691433,
    0.0004551741806635699,
    0.00040870479224518403,
    0.023736324922450352
  ],
  "timestamp": "20250907_174856",
  "n_features": 43,
  "n_classes": 6
}