{"model_type":"MATLAB_TreeBagger","num_trees":500,"min_leaf_size":2,"num_features_sample":7,"feature_names":["backup_route_availability","battery_impact_score","burst_intensity","command_pattern_count","critical_node_count","emergency_context_score","emergency_keyword_count","emergency_priority","encryption_consistency","entropy_score","forwarding_behavior","header_integrity","hop_reliability","inter_arrival_variance","interaction_diversity","isolation_factor","language_consistency","memory_footprint","mesh_connectivity_health","message_frequency","message_length","message_similarity_score","mobility_pattern","neighbor_trust_score","network_fragmentation","node_density","numeric_ratio","processing_load","protocol_compliance_score","redundancy_factor","response_pattern","route_stability","routing_anomaly","sender_reputation","sequence_gap_score","signal_strength_factor","size_consistency","special_char_ratio","suspicious_url_count","temporal_consistency","timing_regularity","ttl_anomaly","volume_anomaly_score"],"class_names":["ADAPTIVE_FLOODING","BLACK_HOLE","FLOODING","NORMAL","RESOURCE_EXHAUSTION","SPOOFING"],"training_samples":63499,"validation_samples":15875,"total_samples":79374,"accuracy":0.99792125984251967,"oob_error":[0.48711003322897861,0.3147766106553565,0.20208192255000676,0.13134065103390385,0.086300571662565051,0.056615064804182741,0.037591143167617296,0.026252381927280268,0.018630214649053727,0.013575016929403503,0.010425361029309872,0.0081576087812424668,0.0065827808311956469,0.00544890470716194,0.0048819666451450751,0.0046457424526380386,0.0042992803036277357,0.0042047906266249289,0.0038898250366155651,0.003669349123609012,0.0036693491236090064,0.0034961180491038541,0.0034331249311019794,0.0032913904155977645,0.0031969007385949507,0.0030551662230907431,0.00310241106159214,0.0029134317075865212,0.0029134317075865204,0.0028819351485855848,0.0028661868690851144,0.0028819351485855817,0.0028504385895846518,0.0029134317075865217,0.0027402006330813759,0.0027402006330813746,0.0027087040740804368,0.0026614592355790356,0.0025984661175771626,0.0026614592355790325,0.0026614592355790325,0.0026772075150795,0.0026614592355790338,0.0026614592355790338,0.0026614592355790338,0.0026142143970776313,0.0025827178380766935,0.0026299626765780965,0.0025354729995752923,0.0025039764405743567,0.0025827178380766935,0.0025512212790757592,0.0024567316020729581,0.0024882281610738911,0.002503976440574358,0.002425235043072019,0.0023937384840710839,0.0024094867635715508,0.0023779902045706165,0.0024409833225724868,0.0024567316020729551,0.0024409833225724881,0.0024409833225724868,0.0024409833225724881,0.0023622419250701509,0.0024252350430720225,0.0024724798815734224,0.0024252350430720208,0.00245673160207296,0.0024409833225724912,0.0024094867635715556,0.0024724798815734224,0.00248822816107389,0.0025039764405743567,0.0024882281610738867,0.0024882281610738867,0.0025039764405743537,0.0024882281610738867,0.0024567316020729507,0.0024567316020729507,0.0024409833225724838,0.002488228161073885,0.002535472999575288,0.0025039764405743524,0.0025039764405743524,0.002488228161073885,0.0025039764405743524,0.0024882281610738837,0.0024882281610738837,0.0025039764405743519,0.002488228161073885,0.002488228161073885,0.002519724720074821,0.0025039764405743524,0.0025197247200748193,0.002488228161073882,0.0024567316020729464,0.0024094867635715447,0.002440983322572479,0.0024409833225724777,0.0024567316020729464,0.0024567316020729477,0.002456731602072949,0.002456731602072949,0.0024724798815734181,0.0025039764405743524,0.002456731602072949,0.0024252350430720147,0.0024724798815734168,0.0024724798815734168,0.002488228161073885,0.002456731602072949,0.0024567316020729477,0.0024409833225724807,0.0023937384840710778,0.0024252350430720134,0.0023779902045706122,0.0023779902045706117,0.0024094867635715464,0.0023937384840710791,0.0024252350430720134,0.0024409833225724807,0.0024252350430720121,0.0024409833225724807,0.0023779902045706104,0.0023937384840710791,0.002440983322572482,0.002440983322572482,0.0024094867635715464,0.002456731602072949,0.0025039764405743519,0.0025039764405743519,0.0025039764405743519,0.0025039764405743519,0.002488228161073885,0.0024724798815734181,0.0024724798815734181,0.0024567316020729507,0.002440983322572482,0.002409486763571546,0.0024409833225724807,0.002440983322572479,0.002440983322572479,0.002440983322572479,0.0024094867635715434,0.0024094867635715421,0.0023937384840710747,0.0023779902045706074,0.0023779902045706074,0.0023622419250701404,0.0023937384840710778,0.0023937384840710778,0.0023937384840710778,0.0023779902045706087,0.0024252350430720134,0.0024252350430720134,0.0024094867635715464,0.0024252350430720147,0.0024252350430720147,0.0024252350430720164,0.0024409833225724838,0.0024252350430720164,0.0023937384840710795,0.0024094867635715464,0.0024094867635715464,0.0023937384840710782,0.0024252350430720121,0.0024409833225724807,0.0024409833225724807,0.0024567316020729494,0.0024567316020729494,0.0024409833225724825,0.0024567316020729507,0.0024409833225724838,0.00247247988157342,0.0025039764405743537,0.002519724720074821,0.002519724720074821,0.0025039764405743506,0.0024724798815734168,0.0024724798815734168,0.0025197247200748193,0.0024882281610738837,0.002519724720074821,0.0025039764405743524,0.0024882281610738837,0.0024724798815734185,0.002440983322572482,0.0024567316020729507,0.0024724798815734181,0.0024882281610738867,0.0024882281610738867,0.0024882281610738867,0.0025039764405743567,0.002488228161073888,0.0024724798815734194,0.0024724798815734194,0.0024882281610738867,0.0024882281610738867,0.0024882281610738867,0.002535472999575291,0.0025197247200748241,0.0025197247200748241,0.002535472999575291,0.002535472999575291,0.002535472999575291,0.002535472999575291,0.002535472999575291,0.0025197247200748241,0.0025197247200748223,0.002535472999575291,0.002503976440574355,0.0024882281610738867,0.0025039764405743532,0.0025197247200748223,0.0025197247200748223,0.0025197247200748223,0.0024882281610738867,0.002488228161073888,0.002503976440574355,0.0024724798815734211,0.002503976440574355,0.002503976440574355,0.002488228161073888,0.0024882281610738885,0.0024882281610738885,0.0025197247200748228,0.0025039764405743537,0.002488228161073885,0.00247247988157342,0.00247247988157342,0.0024882281610738885,0.00247247988157342,0.0024567316020729507,0.00247247988157342,0.0024409833225724851,0.0024724798815734229,0.0024724798815734211,0.0024409833225724842,0.0024409833225724842,0.0024409833225724842,0.0024252350430720151,0.0024409833225724838,0.0024567316020729525,0.0024567316020729538,0.0024882281610738885,0.0024724798815734211,0.0024567316020729538,0.0024409833225724868,0.0024252350430720182,0.0024567316020729538,0.0024567316020729538,0.0024409833225724851,0.0024252350430720182,0.0024409833225724851,0.00247247988157342,0.0024882281610738867,0.0024882281610738867,0.0024882281610738867,0.0024882281610738867,0.0024724798815734194,0.0024567316020729525,0.0024724798815734194,0.0024724798815734194,0.0024724798815734194,0.0024567316020729525,0.0024567316020729525,0.0024567316020729525,0.0024567316020729525,0.0024567316020729525,0.00247247988157342,0.00247247988157342,0.0024567316020729507,0.0024567316020729525,0.0024409833225724838,0.0024094867635715491,0.0024094867635715491,0.0024094867635715491,0.0023937384840710826,0.0023937384840710826,0.0023937384840710826,0.0023937384840710826,0.0024094867635715508,0.0024094867635715508,0.0024094867635715508,0.0023937384840710839,0.0023937384840710839,0.0023779902045706148,0.0023779902045706148,0.0023779902045706148,0.0024094867635715495,0.0023937384840710826,0.0023779902045706148,0.0023622419250701465,0.0023622419250701465,0.0023779902045706148,0.0023937384840710826,0.0023937384840710826,0.0024094867635715478,0.0024094867635715478,0.0024252350430720164,0.0024252350430720164,0.0024252350430720177,0.0024094867635715491,0.0024409833225724838,0.0024252350430720164,0.0024252350430720164,0.0024409833225724851,0.0024409833225724851,0.0024724798815734211,