{"model_type":"MATLAB_TreeBagger","num_trees":500,"min_leaf_size":2,"num_features_sample":7,"feature_names":["backup_route_availability","battery_impact_score","burst_intensity","command_pattern_count","critical_node_count","emergency_context_score","emergency_keyword_count","emergency_priority","encryption_consistency","entropy_score","forwarding_behavior","header_integrity","hop_reliability","inter_arrival_variance","interaction_diversity","isolation_factor","language_consistency","memory_footprint","mesh_connectivity_health","message_frequency","message_length","message_similarity_score","mobility_pattern","neighbor_trust_score","network_fragmentation","node_density","numeric_ratio","processing_load","protocol_compliance_score","redundancy_factor","response_pattern","route_stability","routing_anomaly","sender_reputation","sequence_gap_score","signal_strength_factor","size_consistency","special_char_ratio","suspicious_url_count","temporal_consistency","timing_regularity","ttl_anomaly","volume_anomaly_score"],"class_names":["ADAPTIVE_FLOODING","BLACK_HOLE","FLOODING","NORMAL","RESOURCE_EXHAUSTION","SPOOFING"],"training_samples":63610,"validation_samples":15904,"total_samples":79514,"accuracy":0.99798792756539234,"oob_error":[0.48648011318991341,0.31188492375423149,0.19985851281251796,0.12908347744069723,0.084232038987608837,0.055824555887457813,0.037038201540650691,0.025687784939483541,0.018393334381392717,0.013441282817171602,0.010501493475872065,0.00842634805848416,0.0070586385788421252,0.0058795786825990033,0.00515642194623655,0.0048891683697547773,0.0045118692029569741,0.0042131740292420455,0.0041188492375425888,0.0040559660430762841,0.003898758056910534,0.0037729916679779276,0.0036629460776618958,0.0035529004873458793,0.0035214588901127278,0.0034585756956464226,0.0035057380914961449,0.0034114132997967003,0.0033642509039469751,0.0033799717025635449,0.0033170885080972459,0.00330136770948067,0.0033013677094806682,0.0033013677094806669,0.0032699261122475141,0.0032542053136309416,0.0032699261122475128,0.0032384845150143647,0.0031284389246983408,0.0031756013205480622,0.0031913221191646381,0.003159880521931491,0.0031756013205480656,0.0032227637163977862,0.0032227637163977844,0.003238484515014363,0.0031598805219314897,0.003128438924698339,0.0031441597233149159,0.0031598805219314884,0.0031441597233149141,0.0030969973274651893,0.0030812765288486146,0.003096997327465188,0.0030812765288486138,0.0030969973274651928,0.0030498349316154666,0.0029712309385325928,0.0030341141329988915,0.0029869517371491684,0.0030026725357657435,0.0029240685426828749,0.00287690614683315,0.0029240685426828723,0.0029712309385325972,0.0029869517371491718,0.0029083477440663,0.0028297437509834269,0.0028926269454497273,0.0029083477440663033,0.0028611853482165771,0.0028611853482165789,0.0028769061468331535,0.0028611853482165776,0.0028454645496000003,0.0029083477440663,0.0028297437509834235,0.002845464549599996,0.0028140229523668479,0.0028140229523668479,0.002814022952366851,0.002845464549599999,0.0028454645495999977,0.0028769061468331457,0.002845464549599996,0.0028611853482165698,0.0028926269454497208,0.0027983021537502754,0.0028454645496000003,0.002845464549600002,0.002845464549600002,0.0028140229523668523,0.0028297437509834269,0.00279830215375028,0.00279830215375028,0.0028140229523668557,0.00276686055651713,0.0027668605565171291,0.00275113975790055,0.0027825813551337,0.0027668605565171274,0.0027039773620508296,0.0027039773620508296,0.0027196981606674052,0.0027668605565171274,0.0027511397579005519,0.0027196981606674026,0.0027511397579005484,0.0027825813551337012,0.0027825813551337,0.0027983021537502754,0.0028140229523668479,0.0028297437509834222,0.0028297437509834235,0.0028297437509834235,0.002814022952366851,0.0028297437509834235,0.0027983021537502754,0.0028140229523668492,0.0027983021537502754,0.0028454645496000007,0.0028297437509834252,0.0027668605565171244,0.0027196981606673978,0.0027039773620508218,0.0027196981606673965,0.0027039773620508218,0.0026725357648176738,0.0026725357648176721,0.0027196981606673995,0.0027668605565171257,0.0027354189592839759,0.0027668605565171244,0.0027825813551336982,0.0027354189592839746,0.0027354189592839759,0.0027196981606674008,0.0027354189592839759,0.0027511397579005514,0.0027511397579005514,0.0027668605565171274,0.0027668605565171261,0.0027825813551337012,0.002766860556517127,0.002766860556517127,0.0027668605565171283,0.002751139757900551,0.0027668605565171257,0.0027668605565171257,0.0027354189592839755,0.0027511397579005497,0.0027668605565171252,0.0027354189592839785,0.0027354189592839785,0.0027039773620508279,0.0027196981606674017,0.0027668605565171257,0.0027668605565171257,0.0027668605565171257,0.0027825813551336995,0.0027825813551337008,0.0027354189592839759,0.0027354189592839759,0.0027354189592839759,0.002751139757900551,0.002751139757900551,0.002751139757900551,0.0027196981606674017,0.0027354189592839777,0.0027196981606674004,0.0027354189592839759,0.0027196981606674021,0.0026725357648176781,0.0027196981606674021,0.0027196981606674021,0.0026882565634342524,0.0026568149662011026,0.0026568149662011026,0.0026882565634342524,0.0026725357648176764,0.0026725357648176781,0.0026725357648176781,0.0026725357648176781,0.0026568149662011043,0.0026568149662011043,0.0026410941675845305,0.0026410941675845305,0.0026253733689679563,0.0026253733689679563,0.00267253576481768,0.00267253576481768,0.0026725357648176781,0.0026725357648176781,0.0026882565634342524,0.0026568149662011026,0.0026568149662011039,0.0026410941675845305,0.0026410941675845288,0.0026410941675845288,0.00267253576481768,0.0026725357648176781,0.0026725357648176781,0.0026410941675845305,0.0026568149662011039,0.0026725357648176781,0.0026725357648176781,0.0026568149662011026,0.0026253733689679533,0.0026253733689679533,0.0026253733689679533,0.0026253733689679533,0.0026410941675845288,0.0026410941675845305,0.002609652570351379,0.0026410941675845305,0.0026410941675845323,0.0026410941675845331,0.0026410941675845349,0.0026253733689679593,0.0026096525703513838,0.0025782109731182353,0.0025782109731182336,0.0025624901745016568,0.0025939317717348078,0.0025939317717348078,0.0025939317717348078,0.0025939317717348078,0.0026253733689679576,0.0026253733689679576,0.0026253733689679576,0.0026253733689679576,0.0026253733689679576,0.0026253733689679576,0.0026253733689679576,0.0026253733689679576,0.0026096525703513825,0.0026410941675845336,0.0026253733689679593,0.0026253733689679576,0.0026096525703513808,0.0026096525703513825,0.0026253733689679576,0.0025939317717348061,0.0025782109731182327,0.0025939317717348065,0.0025939317717348052,0.0025624901745016568,0.0026096525703513808,0.0025939317717348052,0.0026410941675845305,0.0026410941675845318,0.0026410941675845318,0.0026568149662011056,0.0026410941675845305,0.0026410941675845305,0.0026410941675845305,0.0026253733689679546,0.002609652570351379,0.0026253733689679546,0.0026410941675845305,0.0026253733689679559,0.0026253733689679559,0.0026410941675845305,0.0026410941675845305,0.0026410941675845305,0.0026410941675845305,0.0026253733689679559,0.0026410941675845323,0.0026568149662011056,0.0026253733689679559,0.0026410941675845305,0.0026253733689679559,0.0026410941675845305,0.0026410941675845305,0.0026410941675845305,0.0026568149662011056,0.0026568149662011056,0.0026568149662011056,0.0026568149662011039,0.0026725357648176781,0.0026568149662011039,0.0026882565634342524,0.0026882565634342524,0.0027039773620508262,0.0027039773620508262,0.0027039773620508262,0.0027039773620508262,0.0027039773620508262,0.0027039773620508262,0.0027039773620508262,0.0026882565634342511,0.0026882565634342506,0.0027039773620508262,0.0027039773620508262,0.0027039773620508262,0.0027039773620508262,0.0027039773620508249,0.0026882565634342506,0.0026725357648176764,0.0026725357648176764,0.0026568149662011009,0.0026568149662011009,0.0026725357648176764,0.0026882565634342511,0.0026725357648176751,0.0026725357648176751,0.0026882565634342511,0.0026725357648176764,0.002656814966201103,0.0026410941675845288,