{"model_type":"MATLAB_TreeBagger","num_trees":200,"min_leaf_size":5,"num_features_sample":7,"feature_names":["backup_route_availability","battery_impact_score","burst_intensity","command_pattern_count","critical_node_count","emergency_context_score","emergency_keyword_count","emergency_priority","encryption_consistency","entropy_score","forwarding_behavior","header_integrity","hop_reliability","inter_arrival_variance","interaction_diversity","isolation_factor","language_consistency","memory_footprint","mesh_connectivity_health","message_frequency","message_length","message_similarity_score","mobility_pattern","neighbor_trust_score","network_fragmentation","node_density","numeric_ratio","processing_load","protocol_compliance_score","redundancy_factor","response_pattern","route_stability","routing_anomaly","sender_reputation","sequence_gap_score","signal_strength_factor","size_consistency","special_char_ratio","suspicious_url_count","temporal_consistency","timing_regularity","ttl_anomaly","volume_anomaly_score"],"class_names":["ADAPTIVE_FLOODING","BLACK_HOLE","FLOODING","NORMAL"],"training_samples":64,"validation_samples":16,"accuracy":1,"oob_error":[0.546875,0.375,0.28125,0.265625,0.1875,0.125,0.0625,0.0625,0.046875,0.046875,0.046875,0.0625,0.046875,0.046875,0.046875,0.046875,0.015625,0.015625,0.015625,0.015625,0.015625,0.015625,0.015625,0.015625,0.015625,0.015625,0.015625,0.015625,0.015625,0.015625,0.015625,0.015625,0.015625,0.015625,0.015625,0.015625,0.015625,0.015625,0.015625,0.015625,0.015625,0.015625,0.015625,0.015625,0.015625,0.015625,0.015625,0.015625,0.015625,0.015625,0.015625,0.015625,0.015625,0.015625,0.015625,0.015625,0.015625,0.015625,0.015625,0.015625,0.015625,0.015625,0.015625,0.015625,0.015625,0.015625,0.015625,0.015625,0.015625,0.015625,0.015625,0.015625,0.015625,0.015625,0.015625,0.015625,0.015625,0.015625,0.015625,0.015625,0.015625,0.015625,0.015625,0.015625,0.015625,0.015625,0.015625,0.015625,0.015625,0.015625,0.015625,0.015625,0.015625,0.015625,0.015625,0.015625,0.015625,0.015625,0.015625,0.015625,0.015625,0.015625,0.015625,0.015625,0.015625,0.015625,0.015625,0.015625,0.015625,0.015625,0.015625,0.015625,0.015625,0.015625,0.015625,0.015625,0.015625,0.015625,0.015625,0.015625,0.015625,0.015625,0.015625,0.015625,0.015625,0.015625,0.015625,0.015625,0.015625,0.015625,0.015625,0.015625,0,0,0.015625,0.015625,0.015625,0.015625,0.015625,0,0,0,0,0,0,0,0,0,0,0,0,0,0,0,0,0,0,0,0,0,0,0,0,0,0,0,0,0,0,0,0,0,0,0,0,0,0,0,0,0,0,0,0,0,0,0,0,0,0,0,0,0,0,0,0,0,0,0,0,0],"training_time":2.70751,"feature_importance":[0.37341530581196974,0.13374057779025791,0.30149411361370043,0.070888120500833554,0.36599285545668842,0.35360075954140291,0.29803082208410925,0.10603639084927388,0.070888120500833554,0.3603725844279112,0.5756816714203723,-0.070888120500833429,0.377890841543477,0.28294110007043177,0.089802651013387386,0.33795558871603448,0.070888120500833554,0.070888120500833623,0.10908679732262438,0.21030517173575103,0.54182314856028535,0.12758259427584545,-0.070888120500833554,0.23821349190453625,0,0.28597159261076,0.40973689080880371,0.30304720958912457,0,0.28878912077599872,0.11433203952872394,0,0.38725476217062627,-0.070888120500833512,0.07088812050083361,0.33435813808151582,0.36651989624366882,0.22328721638136637,0,0.065684554547786239,0.38697568647754388,0,0.304694213166283],"timestamp":"20250909_143602","data_source":"balanced_feature_dataset_20250908_142625.csv"}